,Table,PageNo,LineNo
0,1|5|John Markham|TCU|1998 1|5|Rob Chura|Kentucky|1992 1|5|Ricky Anderson|Kentucky|1982 1|5|Greg Martin|Oklahoma|1977,16,481
1,1|24|Carey Spear|2012 2|22|Ryley Guay|2018 2|22|Ricky Anderson|1982 4|21|Ryan Fowler|2009 4|21|John Markham|1998 6|20|Bryant Hahnfeldt|2007 6|20|Rob Chura|1992 6|20|Johnny Clark|1987 9|19|Tommy Openshaw|2016 9|19|Tommy Openshaw|2015 9|19|Carey Spear|2013 9|19|Ricky Anderson|1984 9|19|Mark Adams|1975,16,487
2,1|72|Bryant Hahnfeldt|2005-2008 2|68|John Markham|1997-2000 3|57|Ricky Anderson|1981-1984 4|56|Tommy Openshaw|2014-2017 5|52|Johnny Clark|1986-1989,16,502
3,1|4|John Markham|Duke|2000 1|4|Hawkins Golden|Georgia|1973,16,509
4,1|20|Carey Spear|2012 2|16|Ryan Fowler|2009 2|16|Ricky Anderson|1984 4|15|Tommy Openshaw|2016 4|15|Carey Spear|2013 6|14|Joseph Bulovas|2021 6|14|John Markham|2000 6|14|Johnny Clark|1987 6|14|Ricky Anderson|1982 10|13|Ryley Guay|2018 10|13|Bryant Hahnfeldt|2008 10|13|Bryant Hahnfeldt|2007 10|13|John Markham|1998,16,513
5,1|47|John Markham|1997-2000 2|46|Bryant Hahnfeldt|2005-2008 3|40|Ricky Anderson|1981-1984 4|39|Carey Spear|2010-2013 5|38|Tommy Openshaw|2014-2017,16,528
6,1|9|Zack Clinard|Tennessee Tech|1947,16,535
7,1|48|Carey Spear|2013 1|48|Zack Clinard|1948 3|47|Ryley Guay|2018,16,538
8,1|121|Bryant Hahnfeldt|2005-2008 2|111|Tommy Openshaw|2014-2017,16,543
9,1|8|Zack Clinard|Marshall|1948 1|8|Zack Clinard|Tennessee Tech|1947,16,547
10,1|48|Carey Spear|2013 2|47|Ryley Guay|2018,16,551
11,1|117|Bryan Hahnfeldt|2005-2008 2|110|Tommy Openshaw|2014-2017 3|101|Carey Spear|2010-2013,16,555
12,1|14|John Schaffler|Louisville|1971 1|14|Boyce Smith|Florida|1958,16,560
13,1|84|Richard Kent|2010 2|81|Brett Upson|2009 3|80|Jerry Shuford|1965 4|79|Tommy Openshaw|2015 4|79|Alex MacLean|1966 6|78|Bill Marinangel|1996,16,564
14,1|277|Jim Arnold|1979-1982 2|272|Bill Marinangel|1993-1996 3|271|Brett Upson|2006-2009 4|219|David Lawrence|1989-1992 5|207|Richard Kent|2010-2012,16,572
15,1|560|Bill Marinangel|Georgia|1996,16,579
16,"1|3,586|Bill Marinangel|1996 2|3,511|Richard Kent|2010 3|3,488|Brett Upson|2009 4|3,386|Jim Arnold|1982 5|3,180|Jim Arnold|1980 6|3,111|Harrison Smith|2021 7|3,089|Jim Arnold|1981",16,582
17,"1|12,171|Jim Arnold|1979-1982 2|11,336|Bill Marinangel|1993-1996 3|10,557|Brett Upson|2006-2009 4|9,058|David Lawrence|1989-1992 5|8,882|Richard Kent|2010-2012",16,591
