customer_id,product_id,price
1337,96137,244.16
8980,84239,390.11
1688,28287,204.71
4296,52597,272.48
5216,47131,338.55
5653,93637,196.06
2722,33393,364.64
8619,42672,29.73
2634,29331,168.24
9733,36993,28.34
9309,45671,375.41
2454,93932,68.54
6180,63535,91.71
3812,59144,391.02
3518,82119,12.33
2664,82987,402.36
2215,38430,52.41
7388,16543,446.6
4276,91011,362.51
2845,39936,377.09
5721,65600,289.29
5625,36336,143.94
6608,80209,221.28
4886,91045,440.08
7257,60267,145.7
6202,57045,495.02
8471,32621,321.08
8776,62380,450.87
5281,74893,407.02
6476,90612,297.33
8136,70223,228.46
8697,56499,377.01
4447,92751,193.25
1356,35574,376.35
2295,68580,363.11
7220,61114,271.66
7930,43273,137.49
7903,59581,125.55
5469,83367,419.49
1027,62245,65.09
2248,59163,454.97
7368,13329,295.97
8727,30631,195.15
7333,91666,8.91
5224,57706,89.86
4259,57899,433.04
9285,73440,410.09
3362,26424,423.1
5007,72057,139.53
3164,74488,488.33
7643,94654,145.05
3095,67937,83.27
8743,19588,50.45
9372,66992,147.26
9802,70902,315.32
5124,44755,462.57
3138,11186,374.95
2856,34731,150.36
3788,54343,92.51
6781,64051,448.74
8849,41011,250.19
8975,35022,315.28
6558,60601,338.93
1536,27745,249.24
5221,79086,490.96
9953,43024,380.62
3212,68476,422.11
3851,65679,214.49
1510,50541,236.77
6148,57737,218.45
9913,72026,271.88
4294,19171,7.85
3021,38576,404.41
3672,79887,13.88
4930,75379,405.8
4933,50671,93.97
4566,84632,254.21
7153,68624,423.53
5867,11195,356.37
6387,21529,102.29
8018,66532,311.79
5201,90651,281.37
3605,49581,175.66
2580,90591,87.03
1323,79099,31.03
3057,97069,428.99
1776,47546,311.86
6666,34827,439.49
8321,62138,248.17
6108,80932,221.43
2687,10170,11.14
9670,97930,409.65
5507,14411,116.11
4495,34033,46.3
5611,92241,231.61
1875,88779,375.04
7243,60653,127.86
5670,98383,429.89
3626,72215,249.05
9623,96128,295.68
