,TableId,Text,Left,Top,Width,Height,PageNo
0,27457c4c-ffd1-40c4-a07e-076321ac891a, |  |  | 1. 5 | Kenny Ladler | 2013 | 5 | Jamie Duncan | 1996 | 5 | Shelton Quarles | 1991 | 4. 4 | LaDarius Wiley | 2018 | 4 | Zach Cunningham | 2015 | 4 | Tim Fugger | 2010 | 4 | Chris Marve | 2008 | 4 | Theo Horrocks | 2006 | 4 | Dominique Morris | 2004 | 4 | Chuck Losey | 2001 | ,0.6537234783172607,0.11093633621931076,0.27420878410339355,0.12380886822938919,18
1,5cba4f5f-ccfb-402d-866d-89feb1d5a6b6,1. | 214 | Chris Gaines | 1987 | 2. | 174 | Andrew Coleman | 1980 | 3. | 169 | DeMond Winston | 1989 | 4. | 168 | Hunter Hillenmeyer | 2002 | 5. | 155 | Edward Smith | 1977 | 6. | 152 | Jamie Duncan | 1996 | 7. | 150 | Randy Sittason | 1978 | 8. | 148 | Tom Galbierz | 1975 | 9. | 141 | Jamie Winborn | 1999 | 10. | 140 | Bob 'Connor | 1982 |  | 140 | Andrew Coleman | 1979 | ,0.08464090526103973,0.14843280613422394,0.27425888180732727,0.13438427448272705,18
2,85985e53-e47c-45ba-aa14-fb0a09ccc929, |  |  | 1. 8 | Leonard Coleman | 1982 | 8 | Scott Wingfield | 1973 | 3. 7 | Casey Hayward | 2011 | 7 | Ed Oaks | 1975 | 7 | Donald Gleisner | 1952 | 6. 6 | Casey Hayward | 2010 | 6 | D.J. Moore | 2008 | 6 | D.J. Moore | 2007 | 6 | David Malone | 1964 | 10. 5 | Kenny Ladler | 2013 | 5 | Myron Lewis | 2008 | 5 | Chris Donnelly | 1989 | 5 | Manuel Young | 1984 | 5 | Jay Chesley | 1974 | 5 | Ken Stone | 1971 | 5 | Christie Hauck | 1969 | 5 | Neal Smith | 1968 | 5 | Russ Morris | 1959 | 5 | Donald Gleisner | 1951 | ,0.3691715896129608,0.2330603003501892,0.2755773067474365,0.2332829385995865,18
3,badcc0a2-e28f-4a79-b72c-846bd5f2ea2f,1. 8 | Tim Fugger | 2008-11 | 8 | Chris Marve | 2008-11 | 3. 6 | Zach Cunningham | 2014-16 | 4. 5 | Kenny Ladler | 2010-13 | 5 | Shelton Quarles | 1990-93 | ,0.6576499938964844,0.2594313323497772,0.2703889310359955,0.06016939878463745,18
4,9028ff6d-8ff0-4a9e-ada0-5699911ecde3, |  |  |  | 1. | 458 | Andrew Coleman | 1978-81 | 2. | 457 | Joe Staley | 1979-82 | 3. | 440 | Chris Gaines | 1984-87 | 4. | 429 | DeMond Winston | 1986-89 | 5. | 425 | Jamie Duncan | 1994-97 | 6. | 421 | Manuel Young | 1980-84 | 7. | 413 | Tom Galbierz | 1972-75 | 8. | 397 | Chris Marve | 2008-11 | 9. | 391 | Moses Osemwegie | 2002-05 | 10. | 388 | Shelton Quarles | 1990-93 | ,0.08494733273983002,0.30484381318092346,0.2750452756881714,0.12400069087743759,18
5,e8ca4fb7-d81e-42cf-8099-d428eb40836e,1. 5 | Reggie Calvin | 1977 | 2. 4 | Zach Cunningham | 2016 | 4 | Dominique Morris | 2004 | 4 | Matt Stewart | 2000 | 4 | Shelton Quarles | 1991 | 4 | Glenn Watson | 1982 | 4 | Robin Giltner | 1978 | 4 | Brenard Wilson | 1976 | ,0.6571397185325623,0.3587988615036011,0.27169737219810486,0.09789221733808517,18
6,80f37b95-3dd1-4bde-95ea-078db074927a,1. | 7 | Zach Cunningham | 2014-16 | 2. | 6 | Shelton Quarles | 1990-93 |  | 6 | Steve McCoy | 1981-84 |  | 6 | Leonard Coleman | 1980-83 |  | 6 | Brenard Wilson | 1975-77 |  | 6 | Reggie Calvin | 1974-77 | ,0.656030535697937,0.4813865125179291,0.27292782068252563,0.07178410142660141,18
7,73722cd9-0d6c-4473-99cf-35030014a9e9,1. | 15 | Casey Hayward | 2008-11 |  | 15 | Leonard Coleman | 1980-83 | 3. | 13 | D.J. Moore | 2006-08 |  | 13 | Ken Stone | 1970-72 |  | 13 | Donald Gleisner | 1950-52 | 6. | 12 | Corey Chavous | 1994-97 | 7. | 11 | Reshard Langford | 2005-08 |  | 11 | Manuel Young | 1980-84 |  | 11 | Christie Hauck | 1967-69 | 10. | 10 | Myron Lewis | 2006-09 |  | 10 | Jimmy Williams | 1997-2000 |  | 10 | Robert Davis | 1990-93 |  | 10 | Ed Oaks | 1973-75 |  | 10 | Neal Smith | 1967-69 | ,0.37038227915763855,0.4898271858692169,0.27396517992019653,0.17044450342655182,18
8,1d2ce6b9-4cd3-4b10-a4ab-1e5611aab35d,1. | 23.0 | Jamie Winborn | 1999 | 2. | 17.0 | Alan Young | 1993 | 3. | 16.5 | Zach Cunningham | 2016 | 4. | 16.0 | Steven Bearden | 1981 | 5. | 15.0 | Jamie Winborn | 1998 |  | 15.0 | James Manley | 1994 | 7. | 14.0 | Jamie Duncan | 1996 |  | 14.0 | Karl Jordan | 1983 | 9. | 13.5 | Tim Fugger | 2011 | 10. | 13.0 | Steven Bearden | 1982 | ,0.08537305891513824,0.5040707588195801,0.2742021977901459,0.12207983434200287,18
9,52a86689-7f01-4eb8-b6b9-1dce630c3548,1. | 18 | Andre Hal | 2013 | 2. | 17 | Casey Hayward | 2011 |  | 17 | Casey Hayward | 2010 | 4. | 16 | Andre Hal | 2012 |  | 16 | Robert Davis | 1993 | 6. | 14 | Joejuan Williams | 2018 |  | 14 | Fred Vinson | 1996 |  | 14 | Chris Donnelly | 1989 | 9. | 13 | Torren McGaster | 2015 | 10. | 12 | Myron Lewis | 2007 |  | 12 | Thanh Andersom | 1984 | ,0.6567838191986084,0.5911688208580017,0.2717646658420563,0.1336963027715683,18
10,b48e7d4c-91a4-4199-b1bb-bf8f93917e76, |  |  |  | 1. | 45.0 | Jamie Winborn | 1998-2000 | 2. | 41.5 | Matt Stewart | 1997-2000 | 3. | 39.5 | Zach Cunningham | 2014-16 | 4. | 34.0 | Alan Young | 1991-93 | 5. | 30.5 | Moses Osemwegie | 2002-05 | 6. | 30.0 | Chris Marve | 2008-11 |  | 30.0 | Joe Staley | 1979-82 | 8. | 28.5 | Jamie Duncan | 1994-97 |  | 28.5 | James Manley | 1992-95 | ,0.08457265049219131,0.648189127445221,0.2748306691646576,0.11144957691431046,18
11,43aab96b-ddf8-4cc2-8c5d-f810bc7eb518,1. 34 | Andre Hal | 2010-13 | 34 | Casey Hayward | 2008-11 | 3. 23 | Torren McGaster | 2013-16 | 4. 17 | Jimmy Williams | 1997-2000 | ,0.661349892616272,0.7507791519165039,0.26666513085365295,0.047603487968444824,18
12,8b5bade9-8dbc-4b25-88c6-ce14fcd3979d, |  |  |  | 1. | 12.0 | Alan Young | 1993 | 2. | 9.0 | James Manley | 1994 | 3. | 8.5 | Jovan Haye | 2003 | 4. | 8.0 | Tim Fugger | 2011 |  | 8.0 | Jamie Winborn | 1998 | 6. | 7.5 | Glenn Young | 1997 | 7. | 7.0 | Chase Garnham | 2012 |  | 7.0 | Curtis Gatewood | 2006 |  | 7.0 | John Windham | 1985 | 10. | 6.5 | Matt Stewart | 2000 |  | 6.5 | Matt Stewart | 1999 | ,0.08471363037824631,0.7952244281768799,0.2745586335659027,0.1366124302148819,18
